question;document_id;answer_original;answer_llm;cosine_similarity;relevance_1;explanation_1
What ecological benefits arise from the Glimmerfox's behavior?;doc_9_how_does_the_glimmerfox_contri;The Glimmerfox contributes to ecosystem stability by acting as both a predator and prey, controlling prey populations, preventing overgrazing, and promoting plant regeneration through top-down regulation.;The ecological benefits of the Glimmerfox's presence in forest restoration projects include controlling herbivore populations, promoting natural regeneration through seed dispersal, and supporting balanced predator-prey dynamics.;0.7793303914561855;PARTLY_RELEVANT;The generated answer addresses ecological benefits of the Glimmerfox, which relates to the original answer, but it emphasizes different aspects such as seed dispersal and forest restoration rather than focusing strictly on the predator-prey dynamics and ecosystem stability mentioned in the original. While there is some overlap in concepts, the details differ, making the relevance partial.
In what ways does the circulatory system aid in regulating body temperature?;doc_169_how_does_its_circulatory_syste;The circulatory system contributes to thermoregulation by controlling blood flow to the skin and extremities, allowing heat dissipation or retention as needed, supported by a network of capillaries that respond to temperature changes.;The provided context does not contain any information regarding the circulatory system of the Glimmerfox or its role in regulating body temperature. Therefore, I am unable to answer the question based on the context given.;0.7075145663301835;NON_RELEVANT;The generated answer does not address the question about how the circulatory system aids in regulating body temperature. Instead, it indicates a lack of information related to the circulatory system in the context provided, which does not contribute to understanding the topic. The original answer's detailed explanation of the circulatory system's role in thermoregulation is entirely absent in the generated answer.
How might the presence of the Glimmerfox alter species behavior in aquatic ecosystems?;doc_405_how_does_the_glimmerfox_s_pres;The Glimmerfox's presence affects aquatic ecosystems in riparian zones by preying on small aquatic and semi-aquatic animals, influencing nutrient flow through its waste, and potentially impacting the behavior of species that depend on water bodies.;The presence of the Glimmerfox may alter species behavior in aquatic ecosystems by creating predation risk, which influences the activity patterns of aquatic prey species. This can lead to shifts in their behavior, encouraging them to seek safer habitats away from areas where the Glimmerfox is present. Additionally, the Glimmerfox's predation may cause changes in the population dynamics of aquatic species, thereby indirectly impacting community structures and the interactions among various organisms within the ecosystem.;0.824487050814923;RELEVANT;The generated answer directly addresses the influence of the Glimmerfox on species behavior in aquatic ecosystems, emphasizing predation risk and its effects on prey species' activity patterns. It aligns closely with the original answer's focus on the Glimmerfox's predatory role and its broader impact on species behavior and ecosystem dynamics.
What specific alterations does the Glimmerfox make to its daily activities in response to climate changes?;doc_703_how_does_the_glimmerfox_adapt_;The Glimmerfox adapts its behavior in response to climate-induced habitat changes by shifting its range to cooler or more suitable areas, altering its activity patterns, changing its diet, and employing its camouflage abilities to new environments.;The Glimmerfox adapts its daily activities in response to climate changes by shifting its activity patterns, altering its diet to include more seasonally abundant prey, modifying its hunting strategies to optimize energy expenditure, and adjusting its reproductive timing to coincide with periods of resource availability.;0.9248168667267028;PARTLY_RELEVANT;The generated answer addresses some aspects of the original answer by mentioning alterations in activity patterns and diet, but it introduces additional details about hunting strategies and reproductive timing that were not present in the original content. Therefore, it captures the essence of the original response but adds more specificity that wasn't requested in the question.
What advantages does the Glimmerfox bring to protected environments?;doc_238_what_are_the_benefits_of_the_g;The benefits of the Glimmerfox's presence in protected areas include enhanced biodiversity, control of prey populations, opportunities for ecological research, and contributions to ecosystem health through its diverse ecological roles.;The Glimmerfox brings advantages to protected environments by contributing to seed dispersal, which helps maintain plant diversity and regenerate vegetation. Additionally, its adaptations in behavior, such as utilizing stealth and vocalizations for interspecies communication, can enhance ecological interactions within these environments. The Glimmerfox also influences the behavior of herbivorous reptiles, potentially promoting habitat use that supports biodiversity.;0.778190403209954;PARTLY_RELEVANT;The generated answer provides some relevant benefits of the Glimmerfox related to seed dispersal and its influence on biodiversity, but it diverges from the original answer by emphasizing specific behaviors and ecological interactions that were not explicitly mentioned in the original. While both answers highlight contributions to biodiversity, the detail and focus differ, leading to a classification of partly relevant.
In what manner do Glimmerfox vocalizations contribute to their social connections?;doc_823_how_does_the_glimmerfox_use_it;The Glimmerfox uses its vocalizations to communicate within social groups by coordinating hunting activities, signaling alarm or threats, establishing dominance or submission within the group, and maintaining social bonds and cohesion.;The context provided does not contain specific information about how Glimmerfox vocalizations contribute to their social connections. Therefore, an answer to that question cannot be derived from the available information.;0.5699494147737367;PARTLY_RELEVANT;The generated answer acknowledges the lack of specific information about Glimmerfox vocalizations, but it does not completely address how these vocalizations contribute to social connections. While it recognizes a gap in the information, it fails to draw from the original answer that describes the various functions of vocalizations in social contexts, which are relevant to the question.
Why are the claws of the Glimmerfox designed to be retractable?;doc_19_what_is_the_significance_of_th;The retractable claws of the Glimmerfox are significant for maintaining sharpness for hunting, reducing wear during movement, and providing stealth capabilities by minimizing noise.;The provided context does not contain information regarding the design or function of the Glimmerfox's claws, including why they are retractable. Therefore, I cannot answer the question based on the given context.;0.6113394197581317;NON_RELEVANT;The generated answer indicates a lack of information about the Glimmerfox's claws, failing to address the question about their retractable design. It does not connect to or summarize any relevant aspects of the original answer, rendering it non-relevant to the original content.
In what ways might Glimmerfox predation change the behavior of bats?;doc_402_what_are_the_potential_impacts;Potential impacts of Glimmerfox predation on bat populations include reducing their numbers, particularly for ground-roosting species, and influencing their foraging and roosting behaviors to avoid predation.;The provided context does not explicitly address the ways in which Glimmerfox predation might change the behavior of bats. Therefore, it is not possible to provide an answer based on the given information.;0.6088596146954518;PARTLY_RELEVANT;The generated answer acknowledges the lack of explicit information regarding Glimmerfox predation's effects on bat behavior, which is partially relevant since the original answer discusses the influence of predation on behaviors. However, it fails to directly address the specific ways predation might change bat behaviors as asked in the generated question.
In what ways does the Glimmerfox change its behavior to adapt to human presence?;doc_875_how_does_the_glimmerfox_adapt_;The Glimmerfox adapts its hunting techniques for prey in urban areas by using stealth and cover to avoid detection, scavenging from human refuse, altering its activity patterns to avoid peak human activity, and employing opportunistic strategies to exploit available resources.;The Glimmerfox changes its behavior to adapt to human presence by reducing the size of its territories in human-dominated areas, increasing scent marking and vocalizations to communicate its presence, and utilizing natural cover to minimize visibility and encounters. Additionally, it adapts its hunting strategies in urban environments by employing stealth, scavenging from human refuse, altering activity patterns to avoid peak human activity, and using urban structures for hunting or shelter.;0.9528740246794498;PARTLY_RELEVANT;The generated answer includes some relevant adaptations of the Glimmerfox, such as using stealth and altering activity patterns. However, it introduces additional points such as reducing territory size and increasing vocalizations that are not mentioned in the original answer. While both answers address behavioral adaptations, the generated answer provides extra information that diverges from the focus of the original.
Why are water sources crucial for the Glimmerfox?;doc_217_what_is_the_importance_of_wate;Water sources are important for the Glimmerfoxâ€™s survival as they provide hydration, influence prey availability, and serve as key locations for hunting and territorial marking in both forested and semi-arid environments.;Water sources are crucial for the Glimmerfox because they provide hydration in arid environments where water is scarce. The Glimmerfox relies on these limited water sources, along with consuming water-rich prey and plants, to maintain its hydration. Efficient renal function helps minimize water loss, making access to water even more vital for its survival.;0.8479025102001166;PARTLY_RELEVANT;The generated answer provides relevant information about the necessity of water sources for the Glimmerfox's hydration, especially in arid environments, but it lacks mention of the influence on prey availability and hunting behavior described in the original answer. While it adds some detail about renal function and dietary choices, it doesn't capture the full context presented in the original answer.
